{"cameraMode":{"drawMode":0,"name":"Shaded","section":"Shading Mode"},"sceneLighting":false,"audioPlay":false,"sceneViewState":{"m_AlwaysRefresh":false,"showFog":true,"showSkybox":false,"showFlares":true,"showImageEffects":true,"showParticleSystems":true,"showVisualEffectGraphs":true,"m_FxEnabled":true},"in2DMode":false,"pivot":{"x":-1.7078564167022706,"y":1.0931707620620728,"z":-0.08620963245630264},"rotation":{"x":-0.08742477744817734,"y":0.8991427421569824,"z":-0.21034778654575349,"w":-0.3737018406391144},"size":1.2587287425994874,"orthographic":false}