{"cameraMode":{"drawMode":0,"name":"Shaded","section":"Shading Mode"},"sceneLighting":false,"audioPlay":false,"sceneViewState":{"m_AlwaysRefresh":false,"showFog":true,"showSkybox":false,"showFlares":true,"showImageEffects":true,"showParticleSystems":true,"showVisualEffectGraphs":true,"m_FxEnabled":true},"in2DMode":false,"pivot":{"x":1.5329996347427369,"y":1.0931706428527833,"z":-0.015248075127601624},"rotation":{"x":-0.08742477744817734,"y":0.8991427421569824,"z":-0.21034778654575349,"w":-0.3737018406391144},"size":1.2724725008010865,"orthographic":false}